Date,year,Address,City,Inc. #,Responsetime,address_geo,lat,long
2010-01-02,2010,283 38TH STR SE,Cedar Rapids,1000042,6.51,"283 38TH STR SE, Cedar Rapids, Iowa",42.0143181,-91.6307498
2010-01-10,2010,1317 6TH NW,Cedar Rapids,1000267,4.06,"1317 6TH NW, Cedar Rapids, Iowa",41.985935,-91.680531
2010-01-19,2010,4141 22ND SW,Cedar Rapids,1000465,3.19,"4141 22ND SW, Cedar Rapids, Iowa",41.957516,-91.725324
2010-01-29,2010,129 27TH STR SE,Cedar Rapids,1000683,4.14,"129 27TH STR SE, Cedar Rapids, Iowa",42.00323,-91.6335579
2010-01-29,2010,129 27TH STR SE,Cedar Rapids,1000688,3.26,"129 27TH STR SE, Cedar Rapids, Iowa",42.00323,-91.6335579
2010-02-06,2010,1321 15TH SE,Cedar Rapids,1000875,4.36,"1321 15TH SE, Cedar Rapids, Iowa",41.9725208,-91.649068
2010-02-13,2010,394 17TH SE,Cedar Rapids,1001053,3.39,"394 17TH SE, Cedar Rapids, Iowa",41.983908,-91.646164
2010-02-16,2010,1925 20TH NW,Cedar Rapids,1001106,6.02,"1925 20TH NW, Cedar Rapids, Iowa",41.995072,-91.6989399
2010-02-26,2010,1412 SCARLET SAGE SW,Cedar Rapids,1001343,8.07,"1412 SCARLET SAGE SW, Cedar Rapids, Iowa",41.916682,-91.6327994
2010-03-01,2010,5443 GORDON NW,Cedar Rapids,1001413,4.08,"5443 GORDON NW, Cedar Rapids, Iowa",41.971421,-91.741801
2010-03-08,2010,2981 6TH SW,Cedar Rapids,1001577,5.2,"2981 6TH SW, Cedar Rapids, Iowa",41.9481724,-91.6767353
2010-03-12,2010,4617 J SW,Cedar Rapids,1001681,7.44,"4617 J SW, Cedar Rapids, Iowa",41.9327276,-91.6659564
2010-03-15,2010,2020 SCOTTY SW,Cedar Rapids,1001767,3.02,"2020 SCOTTY SW, Cedar Rapids, Iowa",41.9584998,-91.7206067
2010-03-18,2010,2253 C SW,Cedar Rapids,1001824,5.11,"2253 C SW, Cedar Rapids, Iowa",41.9575581,-91.6502249
2010-03-21,2010,253 38TH STR SE,Cedar Rapids,1001889,4.21,"253 38TH STR SE, Cedar Rapids, Iowa",42.0146069,-91.6307928
2010-03-24,2010,2042 LINN SE,Cedar Rapids,1001962,5.33,"2042 LINN SE, Cedar Rapids, Iowa",41.993408,-91.632357
2010-03-26,2010,3524 NORTHWOOD NE,Cedar Rapids,1002003,4.55,"3524 NORTHWOOD NE, Cedar Rapids, Iowa",42.015201,-91.674922
2010-03-31,2010,1252 32ND NE,Cedar Rapids,1002138,4.44,"1252 32ND NE, Cedar Rapids, Iowa",42.01077,-91.654663
2010-04-04,2010,511 17TH SE,Cedar Rapids,1002226,5.19,"511 17TH SE, Cedar Rapids, Iowa",41.982158,-91.646781
2010-04-05,2010,1640 F NW,Cedar Rapids,1002247,5.04,"1640 F NW, Cedar Rapids, Iowa",41.97944,-91.6939711
2010-04-06,2010,1442 2nd SE,Cedar Rapids,1002277,0.02,"1442 2nd SE, Cedar Rapids, Iowa",41.9871377,-91.6516762
2010-04-16,2010,1911 K SW,Cedar Rapids,1002510,4.42,"1911 K SW, Cedar Rapids, Iowa",41.959241,-91.668289
2010-04-16,2010,526 MEMORIAL SE,Cedar Rapids,1002525,2.49,"526 MEMORIAL SE, Cedar Rapids, Iowa",41.98107,-91.627842
2010-04-20,2010,201 27TH STR SE,Cedar Rapids,1002619,4.26,"201 27TH STR SE, Cedar Rapids, Iowa",42.003132,-91.633144
2010-04-30,2010,830 BRIDGIT SE,Cedar Rapids,1002878,6.11,"830 BRIDGIT SE, Cedar Rapids, Iowa",42.024757,-91.618441
2010-05-06,2010,2050 GLASS NE,Cedar Rapids,1003011,4.32,"2050 GLASS NE, Cedar Rapids, Iowa",42.0127384,-91.6694312
2010-05-09,2010,4200 1ST E,Cedar Rapids,1003070,5.47,"4200 1ST E, Cedar Rapids, Iowa",42.0228456,-91.632451
2010-05-09,2010,3211 44TH NE,Cedar Rapids,1003080,10.49,"3211 44TH NE, Cedar Rapids, Iowa",42.023305,-91.687965
2010-05-10,2010,901 Oakland NE,Cedar Rapids,1003097,3.01,"901 Oakland NE, Cedar Rapids, Iowa",41.995911,-91.660087
2010-05-11,2010,2928 MEADOWBROOK SE,Cedar Rapids,1003148,3.45,"2928 MEADOWBROOK SE, Cedar Rapids, Iowa",41.980998,-91.624786
2010-05-16,2010,2406 Franklin NE,Cedar Rapids,1003281,8.17,"2406 Franklin NE, Cedar Rapids, Iowa",42.003146,-91.644219
2010-05-31,2010,1215 32ND NE,Cedar Rapids,1003722,4.36,"1215 32ND NE, Cedar Rapids, Iowa",42.009997,-91.653128
2010-06-12,2010,1618 MORRIS NW,Cedar Rapids,1004043,5.39,"1618 MORRIS NW, Cedar Rapids, Iowa",41.990585,-91.726747
2010-06-25,2010,1400 SEMINOLE VALLEY NE,Cedar Rapids,1004427,6.28,"1400 SEMINOLE VALLEY NE, Cedar Rapids, Iowa",42.0026004,-91.7281718
2010-06-29,2010,3230 DALEWOOD SE,Cedar Rapids,1004543,3.56,"3230 DALEWOOD SE, Cedar Rapids, Iowa",41.97871,-91.620622
2010-07-05,2010,112 OKLAHOMA AV SW,Cedar Rapids,1004714,6.52,"112 OKLAHOMA AV SW, Cedar Rapids, Iowa",41.917769,-91.662803
2010-07-05,2010,382 LESLEY NE,Cedar Rapids,1004716,6.35,"382 LESLEY NE, Cedar Rapids, Iowa",42.0294716,-91.6899694
2010-07-11,2010,934 26TH SE,Cedar Rapids,1004901,3.14,"934 26TH SE, Cedar Rapids, Iowa",41.975888,-91.630272
2010-07-12,2010,934 26TH SE,Cedar Rapids,1004903,3.35,"934 26TH SE, Cedar Rapids, Iowa",41.975888,-91.630272
2010-07-18,2010,862 OAKLAND NE,Cedar Rapids,1005062,3.23,"862 OAKLAND NE, Cedar Rapids, Iowa",41.994578,-91.659267
2010-07-20,2010,419 36TH NE,Cedar Rapids,1005131,4.04,"419 36TH NE, Cedar Rapids, Iowa",42.014414,-91.639191
2010-08-02,2010,304 K NW,Cedar Rapids,1005479,3.38,"304 K NW, Cedar Rapids, Iowa",41.983869,-91.677818
2010-08-03,2010,1416 10TH NW,Cedar Rapids,1005504,4.4,"1416 10TH NW, Cedar Rapids, Iowa",41.9873819,-91.68615
2010-08-16,2010,937 19TH SW,Cedar Rapids,1005820,5.02,"937 19TH SW, Cedar Rapids, Iowa",41.959493,-91.6827519
2010-08-19,2010,1412 5TH SE,Cedar Rapids,1005915,4.54,"1412 5TH SE, Cedar Rapids, Iowa",41.982993,-91.652107
2010-08-21,2010,225 5TH NW,Cedar Rapids,1005985,3.53,"225 5TH NW, Cedar Rapids, Iowa",41.976559,-91.679069
2010-08-23,2010,1018 TIARA NE,Cedar Rapids,1006019,6.02,"1018 TIARA NE, Cedar Rapids, Iowa",42.056463,-91.649972
2010-08-23,2010,411 30TH STR SE,Cedar Rapids,1006025,16.33,"411 30TH STR SE, Cedar Rapids, Iowa",41.9827511,-91.6240091
2010-08-27,2010,925 N SW,Cedar Rapids,1006145,4.12,"925 N SW, Cedar Rapids, Iowa",41.966354,-91.673069
2010-09-09,2010,640 16TH SW,Cedar Rapids,1006460,2.47,"640 16TH SW, Cedar Rapids, Iowa",41.962129,-91.678741
2010-09-14,2010,219 7TH SW,Cedar Rapids,1006614,4.57,"219 7TH SW, Cedar Rapids, Iowa",41.9723339,-91.67947
2010-09-15,2010,955 15TH SW,Cedar Rapids,1006646,4.23,"955 15TH SW, Cedar Rapids, Iowa",41.9626189,-91.683331
2010-09-20,2010,5300 WILLOW CREEK SW,Cedar Rapids,1006761,4.02,"5300 WILLOW CREEK SW, Cedar Rapids, Iowa",41.9273891,-91.6938563
2010-09-23,2010,612 16TH SE,Cedar Rapids,1006861,4.24,"612 16TH SE, Cedar Rapids, Iowa",41.981088,-91.647514
2010-09-29,2010,2975 F NW,Cedar Rapids,1007023,4.48,"2975 F NW, Cedar Rapids, Iowa",41.9791947,-91.7114338
2010-10-04,2010,1315 OAKLAND NE,Cedar Rapids,1007165,5,"1315 OAKLAND NE, Cedar Rapids, Iowa",42.0023352,-91.6598855
2010-10-07,2010,3009 12TH SW,Cedar Rapids,1007249,4.04,"3009 12TH SW, Cedar Rapids, Iowa",41.9650055,-91.7107202
2010-10-10,2010,1915 GRETCHEN SW,Cedar Rapids,1007322,0.52,"1915 GRETCHEN SW, Cedar Rapids, Iowa",41.9593533,-91.7480588
2010-10-10,2010,1915 Gretchen SW,Cedar Rapids,1007322,0.52,"1915 Gretchen SW, Cedar Rapids, Iowa",41.9593533,-91.7480588
2010-10-11,2010,2733 2 nd SE,Cedar Rapids,1007374,4.59,"2733 2 nd SE, Cedar Rapids, Iowa",42.004407,-91.632988
2010-10-13,2010,1545 2nd SE,Cedar Rapids,1007428,2.5,"1545 2nd SE, Cedar Rapids, Iowa",41.987943,-91.649851
2010-10-14,2010,1410 32 nd NE,Cedar Rapids,1007478,5.1,"1410 32 nd NE, Cedar Rapids, Iowa",42.0107349,-91.656796
2010-10-20,2010,1600 BLAIRS FERRY NE,Cedar Rapids,1007641,7.45,"1600 BLAIRS FERRY NE, Cedar Rapids, Iowa",42.0351404,-91.6608234
2010-10-22,2010,824 3RD SE,Cedar Rapids,1007716,7.5,"824 3RD SE, Cedar Rapids, Iowa",41.981637,-91.659591
2010-10-24,2010,1218 33RD NE,Cedar Rapids,1007748,6.27,"1218 33RD NE, Cedar Rapids, Iowa",42.011476,-91.653276
2010-10-25,2010,2309 C SW,Cedar Rapids,1007768,4.43,"2309 C SW, Cedar Rapids, Iowa",41.9563049,-91.6475767
2010-10-27,2010,1739 4TH SE,Cedar Rapids,1007822,4.3,"1739 4TH SE, Cedar Rapids, Iowa",41.983303,-91.645019
2010-11-03,2010,3131 PEBBLE SW,Cedar Rapids,1008043,5.56,"3131 PEBBLE SW, Cedar Rapids, Iowa",41.9476374,-91.7136842
2010-11-14,2010,7535 NORMANDY NE,Cedar Rapids,1008331,5.59,"7535 NORMANDY NE, Cedar Rapids, Iowa",42.054031,-91.629889
2010-11-30,2010,944 M SW,Cedar Rapids,1008734,14.4,"944 M SW, Cedar Rapids, Iowa",41.966146,-91.672546
2010-12-05,2010,1705 5TH SE,Cedar Rapids,1008856,5.26,"1705 5TH SE, Cedar Rapids, Iowa",41.982207,-91.646148
2010-12-05,2010,1705 5TH SE,Cedar Rapids,1008856,5.55,"1705 5TH SE, Cedar Rapids, Iowa",41.982207,-91.646148
2010-12-09,2010,2050 GLASS NE,Cedar Rapids,1008974,6,"2050 GLASS NE, Cedar Rapids, Iowa",42.0127384,-91.6694312
2010-12-10,2010,1558 BEVER SE,Cedar Rapids,1009018,4.05,"1558 BEVER SE, Cedar Rapids, Iowa",41.984701,-91.6483816
2010-12-15,2010,390 CRANDALL NE,Cedar Rapids,1009142,3.31,"390 CRANDALL NE, Cedar Rapids, Iowa",42.044999,-91.638338
2010-12-28,2010,725 41ST AVE SW,Cedar Rapids,1009481,8.24,"725 41ST AVE SW, Cedar Rapids, Iowa",41.9358886,-91.6449503
2010-12-29,2010,1825 WASHINGTON SE,Cedar Rapids,1009497,4.43,"1825 WASHINGTON SE, Cedar Rapids, Iowa",41.985259,-91.643591
2011-01-04,2011,433 4TH SW,Cedar Rapids,1100087,3.59,"433 4TH SW, Cedar Rapids, Iowa",41.971691,-91.6752877
2011-01-13,2011,1617 12TH SE,Cedar Rapids,1100315,3.47,"1617 12TH SE, Cedar Rapids, Iowa",41.9734,-91.646677
2011-01-23,2011,3114 CHAPEL SW,Cedar Rapids,1100539,6.32,"3114 CHAPEL SW, Cedar Rapids, Iowa",41.947423,-91.715661
2011-01-23,2011,2509 33RD SW,Cedar Rapids,1100557,5.58,"2509 33RD SW, Cedar Rapids, Iowa",41.944635,-91.706149
2011-01-29,2011,606 ROCKHURST SW,Cedar Rapids,1100720,7.34,"606 ROCKHURST SW, Cedar Rapids, Iowa",41.965844,-91.764519
2011-01-30,2011,3102 33RD SW,Cedar Rapids,1100740,4.43,"3102 33RD SW, Cedar Rapids, Iowa",41.9459,-91.71213
2011-02-01,2011,8406 BRIGHTON SW,Cedar Rapids,1100778,10.12,"8406 BRIGHTON SW, Cedar Rapids, Iowa",41.897172,-91.661182
2011-02-11,2011,4000 33RD SW,Cedar Rapids,1101073,8.13,"4000 33RD SW, Cedar Rapids, Iowa",41.9460989,-91.7229459
2011-02-15,2011,4836 MONTCLAIR NW,Cedar Rapids,1101167,4.03,"4836 MONTCLAIR NW, Cedar Rapids, Iowa",41.981194,-91.734229
2011-02-19,2011,1100 26TH STR NW,Cedar Rapids,1101292,6.55,"1100 26TH STR NW, Cedar Rapids, Iowa",41.9859517,-91.7068381
2011-03-03,2011,1100 1ST SW,Cedar Rapids,1101603,5.4,"1100 1ST SW, Cedar Rapids, Iowa",41.9721314,-91.6856572
2011-03-15,2011,2160 EDGEWOOD NW,Cedar Rapids,1101930,6.42,"2160 EDGEWOOD NW, Cedar Rapids, Iowa",41.9981024,-91.7093049
2011-03-18,2011,4421 LORAINE NE,Cedar Rapids,1102002,6.01,"4421 LORAINE NE, Cedar Rapids, Iowa",42.026098,-91.647244
2011-03-18,2011,361 30TH STR SE,Cedar Rapids,1102010,3.58,"361 30TH STR SE, Cedar Rapids, Iowa",41.98527,-91.6243719
2011-03-21,2011,3223 MOUND SE,Cedar Rapids,1102061,5.05,"3223 MOUND SE, Cedar Rapids, Iowa",41.979039,-91.620627
2011-03-28,2011,2013 WEST POST SW,Cedar Rapids,1102247,5.09,"2013 WEST POST SW, Cedar Rapids, Iowa",41.9597856,-91.7403852
2011-03-28,2011,1708 C SW,Cedar Rapids,1102253,4.59,"1708 C SW, Cedar Rapids, Iowa",41.963372,-91.660866
2011-03-29,2011,2506 CANYON SW,Cedar Rapids,1102264,5.09,"2506 CANYON SW, Cedar Rapids, Iowa",41.9538024,-91.7412452
2011-03-31,2011,3320 QUEEN SW,Cedar Rapids,1102313,5.17,"3320 QUEEN SW, Cedar Rapids, Iowa",41.944251,-91.715189
2011-04-02,2011,408 EDGEWOOD NW,Cedar Rapids,1102385,2.44,"408 EDGEWOOD NW, Cedar Rapids, Iowa",41.9775528,-91.7164456
2011-04-02,2011,4320 WESTCHESTER NE,Cedar Rapids,1102390,3.44,"4320 WESTCHESTER NE, Cedar Rapids, Iowa",42.023592,-91.6853129
2011-04-05,2011,824 M NW,Cedar Rapids,1102465,5.16,"824 M NW, Cedar Rapids, Iowa",41.987005,-91.684376
2011-04-05,2011,1644 13TH NW,Cedar Rapids,1102483,6.51,"1644 13TH NW, Cedar Rapids, Iowa",41.9903959,-91.690766
2011-04-10,2011,322 SUSSEX NE,Cedar Rapids,1102637,3.51,"322 SUSSEX NE, Cedar Rapids, Iowa",42.045983,-91.634644
2011-04-10,2011,4617 J SW,Cedar Rapids,1102642,3.58,"4617 J SW, Cedar Rapids, Iowa",41.9327276,-91.6659564
2011-04-16,2011,822 18TH SW,Cedar Rapids,1102761,4.3,"822 18TH SW, Cedar Rapids, Iowa",41.961105,-91.68067
2011-04-17,2011,1526 J NE,Cedar Rapids,1102794,3.49,"1526 J NE, Cedar Rapids, Iowa",41.999694,-91.65611
2011-04-29,2011,2512 C NE,Cedar Rapids,1103092,4.13,"2512 C NE, Cedar Rapids, Iowa",42.002778,-91.639979
2011-05-05,2011,5016 1ST W,Cedar Rapids,1103213,6.41,"5016 1ST W, Cedar Rapids, Iowa",41.9687391,-91.7358634
2011-05-20,2011,4516 WALKER NE,Cedar Rapids,1103619,5.48,"4516 WALKER NE, Cedar Rapids, Iowa",42.02417,-91.664212
2011-05-23,2011,1337 19TH SW,Cedar Rapids,1103699,3.18,"1337 19TH SW, Cedar Rapids, Iowa",41.959579,-91.690377
2011-05-28,2011,632 19TH SW,Cedar Rapids,1103831,2.54,"632 19TH SW, Cedar Rapids, Iowa",41.960036,-91.678445
2011-05-28,2011,266 LYNDA NW,Cedar Rapids,1103834,3.48,"266 LYNDA NW, Cedar Rapids, Iowa",41.974051,-91.728517
2011-05-31,2011,1658 32ND NE,Cedar Rapids,1103916,3.23,"1658 32ND NE, Cedar Rapids, Iowa",42.010674,-91.661798
2011-06-01,2011,1730 C NW,Cedar Rapids,1103937,5.28,"1730 C NW, Cedar Rapids, Iowa",41.976383,-91.696215
2011-06-06,2011,2951 6TH SW,Cedar Rapids,1104079,4.33,"2951 6TH SW, Cedar Rapids, Iowa",41.9486241,-91.6767906
2011-06-08,2011,3939 1ST E,Cedar Rapids,1104136,2.27,"3939 1ST E, Cedar Rapids, Iowa",42.0189488,-91.6320875
2011-06-10,2011,505 ROCKHURST SW,Cedar Rapids,1104191,8.27,"505 ROCKHURST SW, Cedar Rapids, Iowa",41.966963,-91.763789
2011-06-13,2011,1906 TAFT SW,Cedar Rapids,1104273,5.58,"1906 TAFT SW, Cedar Rapids, Iowa",41.915555,-91.626236
2011-06-15,2011,5521 PLAINVIEW NW,Cedar Rapids,1104324,6.32,"5521 PLAINVIEW NW, Cedar Rapids, Iowa",41.9746219,-91.743368
2011-06-15,2011,1106 REGENT NE,Cedar Rapids,1104340,6.03,"1106 REGENT NE, Cedar Rapids, Iowa",42.024615,-91.651263
2011-06-19,2011,226 27TH NW,Cedar Rapids,1104422,5.28,"226 27TH NW, Cedar Rapids, Iowa",41.9733637,-91.708479
2011-06-19,2011,330 29TH STR SE,Cedar Rapids,1104428,5.43,"330 29TH STR SE, Cedar Rapids, Iowa",41.9805675,-91.625729
2011-06-20,2011,925 N SW,Cedar Rapids,1104466,5.5,"925 N SW, Cedar Rapids, Iowa",41.966354,-91.673069
2011-06-24,2011,? MOUNT VERNON RD SE,Cedar Rapids,1104572,3.47,"? MOUNT VERNON RD SE, Cedar Rapids, Iowa",41.9767956,-91.593647
2011-06-27,2011,2121 ROCKFORD SW,Cedar Rapids,1104671,3.29,"2121 ROCKFORD SW, Cedar Rapids, Iowa",41.958419,-91.693963
2011-07-01,2011,1436 M SW,Cedar Rapids,1104769,4.14,"1436 M SW, Cedar Rapids, Iowa",41.963118,-91.672537
2011-07-09,2011,393 EDGEWOOD NW,Cedar Rapids,1105019,3.46,"393 EDGEWOOD NW, Cedar Rapids, Iowa",41.9771454,-91.7159472
2011-07-13,2011,2237 BIRCHWOOD NE,Cedar Rapids,1105137,5.07,"2237 BIRCHWOOD NE, Cedar Rapids, Iowa",42.014674,-91.6743089
2011-07-13,2011,1611 CENTER POINT NE,Cedar Rapids,1105145,5.15,"1611 CENTER POINT NE, Cedar Rapids, Iowa",42.0053485,-91.6630753
2011-07-16,2011,1049 F NW,Cedar Rapids,1105222,4.21,"1049 F NW, Cedar Rapids, Iowa",41.978775,-91.688246
2011-07-17,2011,337 24TH NW,Cedar Rapids,1105272,4.38,"337 24TH NW, Cedar Rapids, Iowa",41.975654,-91.705476
2011-07-17,2011,337 24 NW,Cedar Rapids,1105272,5.51,"337 24 NW, Cedar Rapids, Iowa",41.975654,-91.705476
2011-07-17,2011,337 24 NW,Cedar Rapids,1105272,5.51,"337 24 NW, Cedar Rapids, Iowa",41.975654,-91.705476
2011-07-20,2011,925 N SW,Cedar Rapids,1105355,3.57,"925 N SW, Cedar Rapids, Iowa",41.966354,-91.673069
2011-07-22,2011,7009 KENT NE,Cedar Rapids,1105439,2.56,"7009 KENT NE, Cedar Rapids, Iowa",42.048372,-91.629757
2011-07-28,2011,3127 WESTWOOD NW,Cedar Rapids,1105602,5.01,"3127 WESTWOOD NW, Cedar Rapids, Iowa",41.984916,-91.713532
2011-07-30,2011,1150 6th SE,Cedar Rapids,1105651,5.08,"1150 6th SE, Cedar Rapids, Iowa",41.9725774,-91.6548191
2011-07-30,2011,1100 6th SE,Cedar Rapids,1105651,5.08,"1100 6th SE, Cedar Rapids, Iowa",41.9729278,-91.6556333
2011-08-05,2011,1030 MEMORIAL SE,Cedar Rapids,1105821,4,"1030 MEMORIAL SE, Cedar Rapids, Iowa",41.974926,-91.627422
2011-08-13,2011,902 16TH SE,Cedar Rapids,1106087,5.38,"902 16TH SE, Cedar Rapids, Iowa",41.971079,-91.652482
2011-08-14,2011,902 16th St SE,Cedar Rapids,1106099,5.43,"902 16th St SE, Cedar Rapids, Iowa",41.9779292,-91.6465
2011-08-20,2011,5805 MUIRFIELD SW,Cedar Rapids,1106269,6.13,"5805 MUIRFIELD SW, Cedar Rapids, Iowa",41.919917,-91.634575
2011-08-25,2011,1541 D NE,Cedar Rapids,1106393,2.35,"1541 D NE, Cedar Rapids, Iowa",41.992058,-91.654224
2011-08-27,2011,2417 DESOTO SW,Cedar Rapids,1106475,8.33,"2417 DESOTO SW, Cedar Rapids, Iowa",41.9550663,-91.7542165
2011-08-29,2011,4333 1ST SW,Cedar Rapids,1106547,2.52,"4333 1ST SW, Cedar Rapids, Iowa",41.9671918,-91.7270598
2011-09-05,2011,1919 CACH SW,Cedar Rapids,1106720,4.25,"1919 CACH SW, Cedar Rapids, Iowa",41.959049,-91.659628
2011-09-05,2011,725 41ST AVE SW,Cedar Rapids,1106725,6.4,"725 41ST AVE SW, Cedar Rapids, Iowa",41.9358886,-91.6449503
2011-09-06,2011,1505 48TH NE,Cedar Rapids,1106750,7.02,"1505 48TH NE, Cedar Rapids, Iowa",42.026064,-91.658741
2011-09-08,2011,2222 1ST E,Cedar Rapids,1106809,9.04,"2222 1ST E, Cedar Rapids, Iowa",41.9978689,-91.637401
2011-09-09,2011,1225 2ND SE,Cedar Rapids,1106823,3.44,"1225 2ND SE, Cedar Rapids, Iowa",41.984304,-91.65589
2011-09-11,2011,1717 D SW,Cedar Rapids,1106904,5.58,"1717 D SW, Cedar Rapids, Iowa",41.9630469,-91.661892
2011-09-14,2011,1950 DODGE NE,Cedar Rapids,1106966,6.12,"1950 DODGE NE, Cedar Rapids, Iowa",42.027372,-91.6671739
2011-09-16,2011,6506 COLORADO SW,Cedar Rapids,1107009,8.05,"6506 COLORADO SW, Cedar Rapids, Iowa",41.915339,-91.664424
2011-09-18,2011,2911 LONG BLUFF NE,Cedar Rapids,1107049,5.33,"2911 LONG BLUFF NE, Cedar Rapids, Iowa",42.009123,-91.69408
2011-09-24,2011,1371 19TH SW,Cedar Rapids,1107195,4.52,"1371 19TH SW, Cedar Rapids, Iowa",41.959591,-91.691443
2011-09-25,2011,2128 NORTH TOWNE NE,Cedar Rapids,1107232,6.04,"2128 NORTH TOWNE NE, Cedar Rapids, Iowa",42.0329651,-91.6711247
2011-09-26,2011,1525 7th Ave SE,Cedar Rapids,1107255,5.58,"1525 7th Ave SE, Cedar Rapids, Iowa",41.9802729,-91.649279
2011-10-01,2011,1400 3RD NW,Cedar Rapids,1107416,4.06,"1400 3RD NW, Cedar Rapids, Iowa",41.9868237,-91.6773551
2011-10-02,2011,344 19TH SE,Cedar Rapids,1107424,5.27,"344 19TH SE, Cedar Rapids, Iowa",41.987315,-91.642452
2011-10-05,2011,209 7th SE,Cedar Rapids,1107530,4.27,"209 7th SE, Cedar Rapids, Iowa",41.9809636,-91.6621983
2011-10-07,2011,1121 3RD SW,Cedar Rapids,1107611,3.43,"1121 3RD SW, Cedar Rapids, Iowa",41.9662625,-91.670044
2011-10-13,2011,82 SIMPSON SW,Cedar Rapids,1107770,5.4,"82 SIMPSON SW, Cedar Rapids, Iowa",41.9236855,-91.6507005
2011-10-13,2011,82 Simpson SW,Cedar Rapids,1107770,6.24,"82 Simpson SW, Cedar Rapids, Iowa",41.9236855,-91.6507005
2011-10-19,2011,2014 K SW,Cedar Rapids,1107910,4,"2014 K SW, Cedar Rapids, Iowa",41.95822,-91.669068
2011-10-26,2011,120 23RD STR SE,Cedar Rapids,1108094,7.14,"120 23RD STR SE, Cedar Rapids, Iowa",41.999434,-91.635448
2011-10-26,2011,120 23RD STR SE,Cedar Rapids,1108103,4.26,"120 23RD STR SE, Cedar Rapids, Iowa",41.999434,-91.635448
2011-10-29,2011,1425 60TH SW,Cedar Rapids,1108193,8.23,"1425 60TH SW, Cedar Rapids, Iowa",41.914363,-91.689853
2011-11-01,2011,900 CENTER POINT NE,Cedar Rapids,1108279,4.04,"900 CENTER POINT NE, Cedar Rapids, Iowa",41.995861,-91.662313
2011-11-02,2011,1243 20TH SW,Cedar Rapids,1108311,5.14,"1243 20TH SW, Cedar Rapids, Iowa",41.958778,-91.6876558
2011-11-08,2011,826 17TH SE,Cedar Rapids,1108454,3.41,"826 17TH SE, Cedar Rapids, Iowa",41.97857,-91.646127
2011-11-12,2011,720 29TH SE,Cedar Rapids,1108566,3.54,"720 29TH SE, Cedar Rapids, Iowa",41.9779484,-91.6256142
2011-11-13,2011,4861 1ST W,Cedar Rapids,1108578,3.55,"4861 1ST W, Cedar Rapids, Iowa",41.9668185,-91.7338273
2011-11-16,2011,1710 16TH SE,Cedar Rapids,1108681,5.24,"1710 16TH SE, Cedar Rapids, Iowa",41.969297,-91.6458959
2011-11-17,2011,1050 WENIG NE,Cedar Rapids,1108710,6.19,"1050 WENIG NE, Cedar Rapids, Iowa",41.999665,-91.676801
2011-11-30,2011,1552 7TH SE,Cedar Rapids,1109040,4.13,"1552 7TH SE, Cedar Rapids, Iowa",41.980726,-91.648138
2011-12-07,2011,255 15TH NW,Cedar Rapids,1109226,6.11,"255 15TH NW, Cedar Rapids, Iowa",41.973527,-91.691566
2011-12-13,2011,400 COLLINS NE,Cedar Rapids,1109389,5.13,"400 COLLINS NE, Cedar Rapids, Iowa",42.0280838,-91.6324042
2011-12-17,2011,5560 6TH SW,Cedar Rapids,1109525,3.24,"5560 6TH SW, Cedar Rapids, Iowa",41.923874,-91.677552
2011-12-22,2011,100 5TH AV SW,Cedar Rapids,1109628,4,"100 5TH AV SW, Cedar Rapids, Iowa",41.9727767,-91.6706981
2011-12-23,2011,505 9TH SW,Cedar Rapids,1109662,4.33,"505 9TH SW, Cedar Rapids, Iowa",41.970477,-91.680972
2011-12-23,2011,4900 16TH SW,Cedar Rapids,1109664,1.17,"4900 16TH SW, Cedar Rapids, Iowa",41.9648399,-91.7348633
2011-12-24,2011,1140 PARK NE,Cedar Rapids,1109689,5.15,"1140 PARK NE, Cedar Rapids, Iowa",42.0307634,-91.6520684
2011-12-25,2011,1515 ARIZONA NE,Cedar Rapids,1109708,5.2,"1515 ARIZONA NE, Cedar Rapids, Iowa",42.015633,-91.658411
2011-12-29,2011,3300 C SW,Cedar Rapids,1109799,6.49,"3300 C SW, Cedar Rapids, Iowa",41.943937,-91.638699
2011-12-29,2011,824 6TH SW,Cedar Rapids,1109804,3.12,"824 6TH SW, Cedar Rapids, Iowa",41.9678677,-91.6770964
2012-01-02,2012,310 5TH SE,Cedar Rapids,1200030,5.02,"310 5TH SE, Cedar Rapids, Iowa",41.9759389,-91.663465
2012-01-02,2012,130 JACOLYN SW,Cedar Rapids,1200049,3.16,"130 JACOLYN SW, Cedar Rapids, Iowa",41.966216,-91.731478
2012-01-03,2012,6702 ARBOR NE,Cedar Rapids,1200083,4.19,"6702 ARBOR NE, Cedar Rapids, Iowa",42.045533,-91.661878
2012-01-03,2012,6702 ARBOR NE,Cedar Rapids,1200083,5.32,"6702 ARBOR NE, Cedar Rapids, Iowa",42.045533,-91.661878
2012-01-03,2012,6702 ARBOR NE,Cedar Rapids,1200083,5.32,"6702 ARBOR NE, Cedar Rapids, Iowa",42.045533,-91.661878
2012-01-04,2012,362 19TH SE,Cedar Rapids,1200126,4.46,"362 19TH SE, Cedar Rapids, Iowa",41.985976,-91.6425299
2012-01-10,2012,406 E NW,Cedar Rapids,1200272,1.45,"406 E NW, Cedar Rapids, Iowa",41.9786252,-91.8039032
2012-01-16,2012,1014 Bealer SE,Cedar Rapids,1200430,5.12,"1014 Bealer SE, Cedar Rapids, Iowa",41.977033,-91.651435
2012-01-16,2012,1010 Bealer SE,Cedar Rapids,1200430,5.12,"1010 Bealer SE, Cedar Rapids, Iowa",41.9769859,-91.651541
2012-01-23,2012,3538 ELMWOOD NE,Cedar Rapids,1200630,7.12,"3538 ELMWOOD NE, Cedar Rapids, Iowa",42.015259,-91.675851
2012-01-25,2012,511 21ST NE,Cedar Rapids,1200675,6.06,"511 21ST NE, Cedar Rapids, Iowa",41.999009,-91.643708
2012-01-29,2012,2725 TERESA SW,Cedar Rapids,1200808,4.09,"2725 TERESA SW, Cedar Rapids, Iowa",41.951052,-91.655333
2012-01-31,2012,1427 4TH SE,Cedar Rapids,1200868,2.57,"1427 4TH SE, Cedar Rapids, Iowa",41.983419,-91.651672
2012-02-01,2012,5712 ADDISON NE,Cedar Rapids,1200898,5.04,"5712 ADDISON NE, Cedar Rapids, Iowa",42.0353939,-91.647107
2012-02-03,2012,1707 WASHINGTON SE,Cedar Rapids,1200942,5.38,"1707 WASHINGTON SE, Cedar Rapids, Iowa",41.985329,-91.6459
2012-02-03,2012,7525 BERTRAM SE,Cedar Rapids,1200945,11.31,"7525 BERTRAM SE, Cedar Rapids, Iowa",41.9614859,-91.5698543
2012-02-10,2012,1319 SIERRA NE,Cedar Rapids,1201121,5.34,"1319 SIERRA NE, Cedar Rapids, Iowa",42.002481,-91.669364
2012-02-11,2012,1227 BELMONT NW,Cedar Rapids,1201140,6.41,"1227 BELMONT NW, Cedar Rapids, Iowa",41.984695,-91.702466
2012-02-12,2012,2729 BRYANT SW,Cedar Rapids,1201175,6.2,"2729 BRYANT SW, Cedar Rapids, Iowa",41.952159,-91.750705
2012-02-20,2012,141 37TH NE,Cedar Rapids,1201390,3.46,"141 37TH NE, Cedar Rapids, Iowa",42.0159214,-91.6365121
2012-02-24,2012,421 C NW,Cedar Rapids,1201504,3.39,"421 C NW, Cedar Rapids, Iowa",41.977526,-91.679449
2012-02-26,2012,215 22ND NW,Cedar Rapids,1201544,5.11,"215 22ND NW, Cedar Rapids, Iowa",41.973146,-91.703066
2012-02-27,2012,7330 Revere NE,Cedar Rapids,1201584,3.31,"7330 Revere NE, Cedar Rapids, Iowa",42.051352,-91.637298
2012-03-01,2012,6000 SHARON NW,Cedar Rapids,1201657,5.15,"6000 SHARON NW, Cedar Rapids, Iowa",41.973612,-91.748169
2012-03-02,2012,1651 34TH SE,Cedar Rapids,1201668,5.29,"1651 34TH SE, Cedar Rapids, Iowa",41.967989,-91.619001
2012-03-02,2012,2263 C SW,Cedar Rapids,1201689,4.35,"2263 C SW, Cedar Rapids, Iowa",41.9573872,-91.6500042
2012-03-03,2012,2040 GLASS NE,Cedar Rapids,1201709,6.08,"2040 GLASS NE, Cedar Rapids, Iowa",42.0135618,-91.6693502
2012-03-09,2012,1606 SIERRA NE,Cedar Rapids,1201914,5.35,"1606 SIERRA NE, Cedar Rapids, Iowa",42.005189,-91.667607
2012-03-09,2012,1604 Sierra NE,Cedar Rapids,1201914,3.23,"1604 Sierra NE, Cedar Rapids, Iowa",42.0050592,-91.6681777
2012-03-10,2012,5625 SKYLINE NW,Cedar Rapids,1201945,6.05,"5625 SKYLINE NW, Cedar Rapids, Iowa",41.97059,-91.744694
2012-03-16,2012,1221 SIERRA NE,Cedar Rapids,1202117,6.04,"1221 SIERRA NE, Cedar Rapids, Iowa",42.002481,-91.669364
2012-03-16,2012,1221 Sierra NE,Cedar Rapids,1202117,6.47,"1221 Sierra NE, Cedar Rapids, Iowa",42.002481,-91.669364
2012-03-16,2012,1221 Sierra NE,Cedar Rapids,1202117,6.47,"1221 Sierra NE, Cedar Rapids, Iowa",42.002481,-91.669364
2012-03-16,2012,1221 Sierra NE,Cedar Rapids,1202117,6.47,"1221 Sierra NE, Cedar Rapids, Iowa",42.002481,-91.669364
2012-03-16,2012,1221 Sierra NE,Cedar Rapids,1202117,6.47,"1221 Sierra NE, Cedar Rapids, Iowa",42.002481,-91.669364
2012-03-19,2012,1025 G NW,Cedar Rapids,1202231,3.46,"1025 G NW, Cedar Rapids, Iowa",41.979811,-91.687306
2012-03-25,2012,308 JACOLYN SW,Cedar Rapids,1202363,3.28,"308 JACOLYN SW, Cedar Rapids, Iowa",41.964872,-91.733186
2012-03-29,2012,3317 ROSEWOOD NE,Cedar Rapids,1202500,5.08,"3317 ROSEWOOD NE, Cedar Rapids, Iowa",42.012169,-91.668818
2012-03-29,2012,836 9TH SW,Cedar Rapids,1202504,4.02,"836 9TH SW, Cedar Rapids, Iowa",41.967493,-91.681633
2012-04-04,2012,1001 1ST SW,Cedar Rapids,1202645,1.32,"1001 1ST SW, Cedar Rapids, Iowa",41.9721651,-91.6845876
2012-04-06,2012,1714 34TH NE,Cedar Rapids,1202705,6.49,"1714 34TH NE, Cedar Rapids, Iowa",42.013837,-91.662341
2012-04-11,2012,5920 WABASH SW,Cedar Rapids,1202808,5.45,"5920 WABASH SW, Cedar Rapids, Iowa",41.956163,-91.7458754
2012-04-12,2012,188 JACOLYN NW,Cedar Rapids,1202832,3.19,"188 JACOLYN NW, Cedar Rapids, Iowa",41.971029,-91.732544
2012-04-12,2012,1220 AUBURN SW,Cedar Rapids,1202841,2.56,"1220 AUBURN SW, Cedar Rapids, Iowa",41.9648971,-91.7194784
2012-04-16,2012,1000 Ellis NW,Cedar Rapids,1202929,3.57,"1000 Ellis NW, Cedar Rapids, Iowa",41.981867,-91.682406
2012-04-16,2012,1005 Ellis NW,Cedar Rapids,1202929,4.56,"1005 Ellis NW, Cedar Rapids, Iowa",41.9819249,-91.6818344
2012-04-16,2012,1010 Ellis NW,Cedar Rapids,1202929,4.56,"1010 Ellis NW, Cedar Rapids, Iowa",41.982128,-91.68241
2012-04-16,2012,914 Ellis NW,Cedar Rapids,1202929,4.56,"914 Ellis NW, Cedar Rapids, Iowa",41.9815449,-91.682377
2012-04-17,2012,2800 A NE,Cedar Rapids,1202977,2.42,"2800 A NE, Cedar Rapids, Iowa",42.005353,-91.636714
2012-04-30,2012,418 2ND NE,Cedar Rapids,1203264,3.05,"418 2ND NE, Cedar Rapids, Iowa",41.9808548,-91.6704926
2012-05-01,2012,3131 D NE,Cedar Rapids,1203307,4,"3131 D NE, Cedar Rapids, Iowa",42.009571,-91.639841
2012-05-02,2012,506 19TH NE,Cedar Rapids,1203336,3.37,"506 19TH NE, Cedar Rapids, Iowa",41.996553,-91.647672
2012-05-06,2012,6816 COLLEGE PARK SW,Cedar Rapids,1203438,7.52,"6816 COLLEGE PARK SW, Cedar Rapids, Iowa",41.912743,-91.660865
2012-05-17,2012,2321 BLAKELY SE,Cedar Rapids,1203788,6.32,"2321 BLAKELY SE, Cedar Rapids, Iowa",41.954508,-91.634182
2012-05-18,2012,2044 NORTH TOWNE NE,Cedar Rapids,1203793,5.42,"2044 NORTH TOWNE NE, Cedar Rapids, Iowa",42.0329825,-91.6696844
2012-05-18,2012,258 12TH NW,Cedar Rapids,1203802,3.23,"258 12TH NW, Cedar Rapids, Iowa",41.97421,-91.688608
2012-05-23,2012,81 26TH SW,Cedar Rapids,1203971,3.44,"81 26TH SW, Cedar Rapids, Iowa",41.951951,-91.662457
2012-05-27,2012,703 3RD SW,Cedar Rapids,1204067,4,"703 3RD SW, Cedar Rapids, Iowa",41.9698769,-91.6716019
2012-05-27,2012,220 7th SW,Cedar Rapids,1204067,4.37,"220 7th SW, Cedar Rapids, Iowa",41.970276,-91.671733
2012-05-30,2012,? 5TH ST SE,Cedar Rapids,1204170,4.53,"? 5TH ST SE, Cedar Rapids, Iowa",41.97556,-91.660151
2012-06-01,2012,1736 B NE,Cedar Rapids,1204223,5.22,"1736 B NE, Cedar Rapids, Iowa",41.992967,-91.6493689
2012-06-08,2012,1508 C NE,Cedar Rapids,1204422,2.05,"1508 C NE, Cedar Rapids, Iowa",41.991186,-91.654773
2012-06-15,2012,2040 GLASS NE,Cedar Rapids,1204587,4.23,"2040 GLASS NE, Cedar Rapids, Iowa",42.0135618,-91.6693502
2012-06-18,2012,1052 MOUNT VERNON SE,Cedar Rapids,1204672,4.04,"1052 MOUNT VERNON SE, Cedar Rapids, Iowa",41.9779076,-91.6521324
2012-06-24,2012,159 38TH NE,Cedar Rapids,1204840,4.2,"159 38TH NE, Cedar Rapids, Iowa",42.016826,-91.6369
2012-06-24,2012,161 38th. NE,Cedar Rapids,1204840,4.42,"161 38th. NE, Cedar Rapids, Iowa",42.016831,-91.637084
2012-06-24,2012,161 38th. NE,Cedar Rapids,1204840,4.42,"161 38th. NE, Cedar Rapids, Iowa",42.016831,-91.637084
2012-06-24,2012,919 6TH SW,Cedar Rapids,1204841,3.2,"919 6TH SW, Cedar Rapids, Iowa",41.966901,-91.676107
2012-06-24,2012,447 9th SW,Cedar Rapids,1204841,4.21,"447 9th SW, Cedar Rapids, Iowa",41.967223,-91.6765719
2012-06-24,2012,441 9th SW,Cedar Rapids,1204841,4.21,"441 9th SW, Cedar Rapids, Iowa",41.967215,-91.676057
2012-06-24,2012,443 9th SW,Cedar Rapids,1204841,4.21,"443 9th SW, Cedar Rapids, Iowa",41.967219,-91.676278
2012-06-24,2012,459 9th SW,Cedar Rapids,1204841,4.21,"459 9th SW, Cedar Rapids, Iowa",41.9674782,-91.6768797
2012-06-25,2012,4302 HOLLY NE,Cedar Rapids,1204864,10.2,"4302 HOLLY NE, Cedar Rapids, Iowa",42.0437269,-91.71383
2012-07-02,2012,5537 NORTH TOWNE NE,Cedar Rapids,1205124,5.44,"5537 NORTH TOWNE NE, Cedar Rapids, Iowa",42.034442,-91.6727027
2012-07-04,2012,1857 WILSON SW,Cedar Rapids,1205172,4.45,"1857 WILSON SW, Cedar Rapids, Iowa",41.95583,-91.6988949
2012-07-06,2012,818 PAWNEE NW,Cedar Rapids,1205253,5.08,"818 PAWNEE NW, Cedar Rapids, Iowa",41.980462,-91.691621
2012-07-08,2012,4444 1ST E,Cedar Rapids,1205301,5.33,"4444 1ST E, Cedar Rapids, Iowa",42.0255179,-91.6272126
2012-07-10,2012,700 41ST AVE SW,Cedar Rapids,1205351,6.27,"700 41ST AVE SW, Cedar Rapids, Iowa",41.940606,-91.648071
2012-07-11,2012,418 2ND NE,Cedar Rapids,1205396,8.05,"418 2ND NE, Cedar Rapids, Iowa",41.9808548,-91.6704926
2012-07-16,2012,3631 WESTERN PINE NE,Cedar Rapids,1205525,5.44,"3631 WESTERN PINE NE, Cedar Rapids, Iowa",42.030992,-91.693546
2012-07-22,2012,1002 A NW,Cedar Rapids,1205724,4.44,"1002 A NW, Cedar Rapids, Iowa",41.973711,-91.685541
2012-07-25,2012,359 16th SE,Cedar Rapids,1205801,5.5,"359 16th SE, Cedar Rapids, Iowa",41.986294,-91.648195
2012-07-25,2012,1555 Park SE,Cedar Rapids,1205801,5.5,"1555 Park SE, Cedar Rapids, Iowa",41.986448,-91.648371
2012-07-26,2012,3327 QUEEN SW,Cedar Rapids,1205855,4.21,"3327 QUEEN SW, Cedar Rapids, Iowa",41.94491,-91.71417
2012-08-10,2012,1426 PAWNEE NW,Cedar Rapids,1206329,4.43,"1426 PAWNEE NW, Cedar Rapids, Iowa",41.983683,-91.691553
2012-08-10,2012,2040 EDGEWOOD NW,Cedar Rapids,1206334,5.28,"2040 EDGEWOOD NW, Cedar Rapids, Iowa",41.998705,-91.710176
2012-08-15,2012,418 2ND NE,Cedar Rapids,1206454,5.11,"418 2ND NE, Cedar Rapids, Iowa",41.9808548,-91.6704926
2012-08-15,2012,517 9TH SW,Cedar Rapids,1206455,3.59,"517 9TH SW, Cedar Rapids, Iowa",41.970079,-91.680805
2012-08-19,2012,218 18TH NE,Cedar Rapids,1206567,3.04,"218 18TH NE, Cedar Rapids, Iowa",41.9929119,-91.647642
2012-08-20,2012,706 DANBURY NE,Cedar Rapids,1206592,5.18,"706 DANBURY NE, Cedar Rapids, Iowa",42.026024,-91.644364
2012-08-22,2012,2944 OAKLAND NE,Cedar Rapids,1206668,11.01,"2944 OAKLAND NE, Cedar Rapids, Iowa",42.008157,-91.658809
2012-08-28,2012,1711 C NW,Cedar Rapids,1206854,5.02,"1711 C NW, Cedar Rapids, Iowa",41.975739,-91.695403
2012-09-01,2012,385 16TH SE,Cedar Rapids,1206979,5.21,"385 16TH SE, Cedar Rapids, Iowa",41.984208,-91.648074
2012-09-01,2012,120 10TH SW,Cedar Rapids,1206984,3.58,"120 10TH SW, Cedar Rapids, Iowa",41.97172,-91.684267
2012-09-05,2012,3809 ELMWOOD NE,Cedar Rapids,1207089,5.35,"3809 ELMWOOD NE, Cedar Rapids, Iowa",42.018355,-91.677407
2012-09-27,2012,216 NORMA SW,Cedar Rapids,1207612,5.48,"216 NORMA SW, Cedar Rapids, Iowa",41.9526183,-91.7346688
2012-10-03,2012,220 16TH SW,Cedar Rapids,1207790,3.44,"220 16TH SW, Cedar Rapids, Iowa",41.962117,-91.666454
2012-10-03,2012,220 16th SW,Cedar Rapids,1207790,5.09,"220 16th SW, Cedar Rapids, Iowa",41.962117,-91.666454
2012-10-03,2012,216 16th SW,Cedar Rapids,1207790,5.09,"216 16th SW, Cedar Rapids, Iowa",41.962171,-91.666305
2012-10-06,2012,1330 ELMHURST NE,Cedar Rapids,1207856,0.06,"1330 ELMHURST NE, Cedar Rapids, Iowa",42.002547,-91.652073
2012-10-08,2012,2800 A NE,Cedar Rapids,1207934,2.47,"2800 A NE, Cedar Rapids, Iowa",42.005353,-91.636714
2012-10-14,2012,4401 BENTON NE,Cedar Rapids,1208079,6.47,"4401 BENTON NE, Cedar Rapids, Iowa",42.023238,-91.6594439
2012-10-18,2012,2134 NORTH TOWNE NE,Cedar Rapids,1208195,7.4,"2134 NORTH TOWNE NE, Cedar Rapids, Iowa",42.0329638,-91.6712276
2012-10-24,2012,4330 CZECH NE,Cedar Rapids,1208354,6.38,"4330 CZECH NE, Cedar Rapids, Iowa",42.0237593,-91.667102
2012-11-14,2012,155 19TH NW,Cedar Rapids,1208921,4.4,"155 19TH NW, Cedar Rapids, Iowa",41.972448,-91.6983939
2012-11-20,2012,404 9TH SW,Cedar Rapids,1209075,2.46,"404 9TH SW, Cedar Rapids, Iowa",41.967718,-91.674963
2012-11-22,2012,3643 12TH SW,Cedar Rapids,1209124,5.35,"3643 12TH SW, Cedar Rapids, Iowa",41.9656129,-91.7198587
2012-11-22,2012,1834 WESTERN SW,Cedar Rapids,1209126,5.19,"1834 WESTERN SW, Cedar Rapids, Iowa",41.9613215,-91.7497513
2012-11-22,2012,1834 Western SW,Cedar Rapids,1209126,5.49,"1834 Western SW, Cedar Rapids, Iowa",41.9613215,-91.7497513
2012-11-28,2012,57 18th SW,Cedar Rapids,1209266,5.27,"57 18th SW, Cedar Rapids, Iowa",41.964363,-91.658834
2012-11-30,2012,131 14TH AVE SE,Cedar Rapids,1209322,6.52,"131 14TH AVE SE, Cedar Rapids, Iowa",41.967775,-91.657452
2012-12-03,2012,1202 M SW,Cedar Rapids,1209437,3.25,"1202 M SW, Cedar Rapids, Iowa",41.965593,-91.672544
2012-12-07,2012,3232 CENTER POINT NE,Cedar Rapids,1209532,4.57,"3232 CENTER POINT NE, Cedar Rapids, Iowa",42.0114705,-91.6631756
2012-12-11,2012,4401 COUNCIL NE,Cedar Rapids,1209687,5.34,"4401 COUNCIL NE, Cedar Rapids, Iowa",42.023256,-91.658482
2012-12-16,2012,133 26TH SW,Cedar Rapids,1209808,3.43,"133 26TH SW, Cedar Rapids, Iowa",41.9521159,-91.664702
2012-12-29,2012,2113 HAMILTON SW,Cedar Rapids,1210185,4.27,"2113 HAMILTON SW, Cedar Rapids, Iowa",41.957336,-91.662066
2013-01-01,2013,3805 20TH SW,Cedar Rapids,1300018,4.08,"3805 20TH SW, Cedar Rapids, Iowa",41.959884,-91.7232609
2013-01-08,2013,1515 5TH SE,Cedar Rapids,1300214,11.47,"1515 5TH SE, Cedar Rapids, Iowa",41.98232,-91.649789
2013-01-14,2013,1549 8TH SE,Cedar Rapids,1300387,4.55,"1549 8TH SE, Cedar Rapids, Iowa",41.979344,-91.648506
2013-01-20,2013,706 BLAIRS FERRY NE,Cedar Rapids,1300557,8.28,"706 BLAIRS FERRY NE, Cedar Rapids, Iowa",42.035282,-91.64483
2013-01-21,2013,1120 SIOUX NW,Cedar Rapids,1300586,6.18,"1120 SIOUX NW, Cedar Rapids, Iowa",41.983534,-91.693995
2013-02-16,2013,925 A NW,Cedar Rapids,1301226,1.55,"925 A NW, Cedar Rapids, Iowa",41.97332,-91.684761
2013-03-01,2013,3325 SOUTHGATE SW,Cedar Rapids,1301563,4.18,"3325 SOUTHGATE SW, Cedar Rapids, Iowa",41.943038,-91.671757
2013-03-02,2013,2740 A NE,Cedar Rapids,1301586,3.25,"2740 A NE, Cedar Rapids, Iowa",42.004488,-91.6367
2013-03-07,2013,501 29TH NE,Cedar Rapids,1301690,3.46,"501 29TH NE, Cedar Rapids, Iowa",42.00605,-91.640378
2013-03-10,2013,631 ASHTON NE,Cedar Rapids,1301761,3.15,"631 ASHTON NE, Cedar Rapids, Iowa",42.0427476,-91.6411174
2013-03-21,2013,1803 B NE,Cedar Rapids,1302059,4.33,"1803 B NE, Cedar Rapids, Iowa",41.993091,-91.64794
2013-03-21,2013,2019 SUNLAND SE,Cedar Rapids,1302076,6.02,"2019 SUNLAND SE, Cedar Rapids, Iowa",41.993017,-91.608637
2013-03-28,2013,1801 2ND SE,Cedar Rapids,1302261,3.29,"1801 2ND SE, Cedar Rapids, Iowa",41.990583,-91.6449279
2013-04-04,2013,1249 3RD SE,Cedar Rapids,1302399,5.19,"1249 3RD SE, Cedar Rapids, Iowa",41.983801,-91.654347
2013-04-07,2013,231 32ND NE,Cedar Rapids,1302491,3.15,"231 32ND NE, Cedar Rapids, Iowa",42.009514,-91.637665
2013-04-12,2013,1710 16TH SE,Cedar Rapids,1302611,4.58,"1710 16TH SE, Cedar Rapids, Iowa",41.969297,-91.6458959
2013-04-14,2013,1203 2ND SE,Cedar Rapids,1302662,3.36,"1203 2ND SE, Cedar Rapids, Iowa",41.983983,-91.656648
2013-04-14,2013,1203 2ND SE,Cedar Rapids,1302662,4.1,"1203 2ND SE, Cedar Rapids, Iowa",41.983983,-91.656648
2013-04-18,2013,1639 MIAMI NE,Cedar Rapids,1302780,2.48,"1639 MIAMI NE, Cedar Rapids, Iowa",42.018181,-91.66206
2013-04-19,2013,428 DUKE SW,Cedar Rapids,1302809,9.33,"428 DUKE SW, Cedar Rapids, Iowa",41.919763,-91.6507531
2013-04-22,2013,1311 C SW,Cedar Rapids,1302887,3.44,"1311 C SW, Cedar Rapids, Iowa",41.965627,-91.663899
2013-04-24,2013,2023 J SW,Cedar Rapids,1302941,2.33,"2023 J SW, Cedar Rapids, Iowa",41.957979,-91.66694
2013-04-26,2013,1132 WHITE IVY NE,Cedar Rapids,1303002,5.45,"1132 WHITE IVY NE, Cedar Rapids, Iowa",42.050627,-91.646113
2013-04-28,2013,2049 FRANKLIN NE,Cedar Rapids,1303025,3.51,"2049 FRANKLIN NE, Cedar Rapids, Iowa",42.002308,-91.644256
2013-04-28,2013,324 JACOLYN SW,Cedar Rapids,1303054,3.13,"324 JACOLYN SW, Cedar Rapids, Iowa",41.964872,-91.733186
2013-04-28,2013,195 MILLER SW,Cedar Rapids,1303057,4.5,"195 MILLER SW, Cedar Rapids, Iowa",41.92373,-91.666261
2013-05-06,2013,408 14TH SE,Cedar Rapids,1303257,12.44,"408 14TH SE, Cedar Rapids, Iowa",41.9832832,-91.652739
2013-05-12,2013,2316 HILLCREST SE,Cedar Rapids,1303448,2.46,"2316 HILLCREST SE, Cedar Rapids, Iowa",41.979424,-91.633584
2013-05-20,2013,3718 C NE,Cedar Rapids,1303759,4.29,"3718 C NE, Cedar Rapids, Iowa",42.016473,-91.638687
2013-05-26,2013,3107 BAYBERRY SW,Cedar Rapids,1303912,6.48,"3107 BAYBERRY SW, Cedar Rapids, Iowa",41.946851,-91.712388
2013-05-26,2013,3103 BAYBERRY SW,Cedar Rapids,1303912,6.48,"3103 BAYBERRY SW, Cedar Rapids, Iowa",41.94685,-91.7121559
2013-06-03,2013,1937 BLAIRS FERRY NE,Cedar Rapids,1304157,5.15,"1937 BLAIRS FERRY NE, Cedar Rapids, Iowa",42.0331173,-91.6645055
2013-06-06,2013,6325 ROCKWELL NE,Cedar Rapids,1304228,4.18,"6325 ROCKWELL NE, Cedar Rapids, Iowa",42.040856,-91.649572
2013-06-10,2013,4070 21ST SW,Cedar Rapids,1304334,4.57,"4070 21ST SW, Cedar Rapids, Iowa",41.9363472,-91.705076
2013-06-18,2013,300 31ST NE,Cedar Rapids,1304569,3.4,"300 31ST NE, Cedar Rapids, Iowa",42.009014,-91.638103
2013-06-23,2013,2120 HIGH SE,Cedar Rapids,1304763,5.34,"2120 HIGH SE, Cedar Rapids, Iowa",41.959333,-91.63381
2013-06-28,2013,4044 WATERPOINT SW,Cedar Rapids,1304905,10.1,"4044 WATERPOINT SW, Cedar Rapids, Iowa",41.939483,-91.758753
2013-06-28,2013,4044 WATERPOINT SW,Cedar Rapids,1304905,10.1,"4044 WATERPOINT SW, Cedar Rapids, Iowa",41.939483,-91.758753
2013-06-29,2013,440 9TH SW,Cedar Rapids,1304927,4.14,"440 9TH SW, Cedar Rapids, Iowa",41.96774,-91.67628
2013-07-02,2013,2472 FRUITLAND SW,Cedar Rapids,1305006,6.14,"2472 FRUITLAND SW, Cedar Rapids, Iowa",41.952779,-91.6498
2013-07-03,2013,418 2ND NE,Cedar Rapids,1305037,4.23,"418 2ND NE, Cedar Rapids, Iowa",41.9808548,-91.6704926
2013-07-06,2013,1710 WENIG NE,Cedar Rapids,1305126,5.14,"1710 WENIG NE, Cedar Rapids, Iowa",42.006706,-91.677005
2013-07-19,2013,96 16TH SW,Cedar Rapids,1305503,4.2,"96 16TH SW, Cedar Rapids, Iowa",41.964393,-91.661779
2013-07-20,2013,1219 5TH SE,Cedar Rapids,1305525,5.07,"1219 5TH SE, Cedar Rapids, Iowa",41.981795,-91.653282
2013-07-31,2013,3511 SUNNY DALE NW,Cedar Rapids,1305838,5.12,"3511 SUNNY DALE NW, Cedar Rapids, Iowa",41.978854,-91.717362
2013-08-03,2013,7607 COUNCIL NE,Cedar Rapids,1305951,4.31,"7607 COUNCIL NE, Cedar Rapids, Iowa",42.053722,-91.660673
2013-08-07,2013,209 Sand NW,Cedar Rapids,1306072,7.23,"209 Sand NW, Cedar Rapids, Iowa",41.9726489,-91.756555
2013-08-11,2013,2244 MT VERNON SE,Cedar Rapids,1306167,2.39,"2244 MT VERNON SE, Cedar Rapids, Iowa",41.977262,-91.634522
2013-08-12,2013,4420 BOWLING SW,Cedar Rapids,1306217,5.43,"4420 BOWLING SW, Cedar Rapids, Iowa",41.934877,-91.658366
2013-08-12,2013,2107 BLAIRS FERRY NE,Cedar Rapids,1306231,6.05,"2107 BLAIRS FERRY NE, Cedar Rapids, Iowa",42.034505,-91.67073
2013-08-17,2013,3300 OAKLAND NE,Cedar Rapids,1306379,2.15,"3300 OAKLAND NE, Cedar Rapids, Iowa",42.0114919,-91.657517
2013-08-19,2013,2010 GLASS NE,Cedar Rapids,1306446,6.14,"2010 GLASS NE, Cedar Rapids, Iowa",42.0125994,-91.6689351
2013-08-24,2013,2313 GLACIER SW,Cedar Rapids,1306565,5.48,"2313 GLACIER SW, Cedar Rapids, Iowa",41.9556682,-91.7455715
2013-08-24,2013,1224 13TH NW,Cedar Rapids,1306576,5.37,"1224 13TH NW, Cedar Rapids, Iowa",41.9860967,-91.6932319
2013-08-27,2013,932 MAPLEWOOD NE,Cedar Rapids,1306651,6.36,"932 MAPLEWOOD NE, Cedar Rapids, Iowa",41.996414,-91.656851
2013-08-27,2013,3920 SHERMAN NE,Cedar Rapids,1306667,5.19,"3920 SHERMAN NE, Cedar Rapids, Iowa",42.0193581,-91.6600567
2013-08-28,2013,330 29TH ST SE,Cedar Rapids,1306705,3.27,"330 29TH ST SE, Cedar Rapids, Iowa",41.9805675,-91.625729
2013-09-02,2013,1709 10TH NW,Cedar Rapids,1306840,4.33,"1709 10TH NW, Cedar Rapids, Iowa",41.991607,-91.685393
2013-09-04,2013,1507 2ND SE,Cedar Rapids,1306907,3.08,"1507 2ND SE, Cedar Rapids, Iowa",41.987223,-91.650785
2013-09-15,2013,144 33RD ST SE,Cedar Rapids,1307176,3.59,"144 33RD ST SE, Cedar Rapids, Iowa",42.011501,-91.633093
2013-09-25,2013,6521 MINDEN NE,Cedar Rapids,1307471,5.39,"6521 MINDEN NE, Cedar Rapids, Iowa",42.04395,-91.660539
2013-09-30,2013,1635 13TH SE,Cedar Rapids,1307609,4.17,"1635 13TH SE, Cedar Rapids, Iowa",41.972341,-91.646158
2013-10-04,2013,921 OLD MARION NE,Cedar Rapids,1307721,5.17,"921 OLD MARION NE, Cedar Rapids, Iowa",42.021834,-91.6477644
2013-10-13,2013,119 BROADMORE SW,Cedar Rapids,1307983,5.22,"119 BROADMORE SW, Cedar Rapids, Iowa",41.970689,-91.750348
2013-10-18,2013,1001 1ST SW,Cedar Rapids,1308117,5.24,"1001 1ST SW, Cedar Rapids, Iowa",41.9721651,-91.6845876
2013-10-19,2013,2420 HANDLEY SW,Cedar Rapids,1308156,5.06,"2420 HANDLEY SW, Cedar Rapids, Iowa",41.953506,-91.646647
2013-10-20,2013,1734 PARK SE,Cedar Rapids,1308181,4.12,"1734 PARK SE, Cedar Rapids, Iowa",41.986851,-91.6448209
2013-10-23,2013,3720 TERRACE HILL NE,Cedar Rapids,1308261,6.31,"3720 TERRACE HILL NE, Cedar Rapids, Iowa",42.017166,-91.672922
2013-10-30,2013,612 4TH SW,Cedar Rapids,1308451,5.04,"612 4TH SW, Cedar Rapids, Iowa",41.969806,-91.674905
2013-10-30,2013,824 6TH SW,Cedar Rapids,1308462,5.32,"824 6TH SW, Cedar Rapids, Iowa",41.9678677,-91.6770964
2013-11-01,2013,1545 BEVER SE,Cedar Rapids,1308523,3.14,"1545 BEVER SE, Cedar Rapids, Iowa",41.984375,-91.6487889
2013-11-04,2013,6620 college park SE,Cedar Rapids,1308597,12.57,"6620 college park SE, Cedar Rapids, Iowa",41.9142066,-91.6598643
2013-11-21,2013,5502 KIRKWOOD SW,Cedar Rapids,1309085,0.03,"5502 KIRKWOOD SW, Cedar Rapids, Iowa",41.9202741,-91.6573729
2013-11-24,2013,1817 GARRY NW,Cedar Rapids,1309160,7.05,"1817 GARRY NW, Cedar Rapids, Iowa",41.989776,-91.697866
2013-11-28,2013,2309 BROOKLAND NE,Cedar Rapids,1309261,4.3,"2309 BROOKLAND NE, Cedar Rapids, Iowa",42.019064,-91.675753
2013-12-14,2013,1561 BEVER SE,Cedar Rapids,1309668,4.49,"1561 BEVER SE, Cedar Rapids, Iowa",41.984398,-91.648131
2013-12-16,2013,173 16TH SW,Cedar Rapids,1309726,5.23,"173 16TH SW, Cedar Rapids, Iowa",41.962255,-91.664264
2013-12-18,2013,1426 HILLSIDE NW,Cedar Rapids,1309756,6.32,"1426 HILLSIDE NW, Cedar Rapids, Iowa",41.987719,-91.713797
2013-12-24,2013,526 GREEN VALLEY SE,Cedar Rapids,1309961,6.19,"526 GREEN VALLEY SE, Cedar Rapids, Iowa",41.980807,-91.6000059
2014-01-05,2014,315 23RD NE,Cedar Rapids,1400150,4.2,"315 23RD NE, Cedar Rapids, Iowa",41.999501,-91.6401999
2014-01-06,2014,645 37TH NE,Cedar Rapids,1400155,6.27,"645 37TH NE, Cedar Rapids, Iowa",42.015222,-91.6427159
2014-01-14,2014,142 14th SW,Cedar Rapids,1400422,6.43,"142 14th SW, Cedar Rapids, Iowa",41.965105,-91.664503
2014-01-17,2014,1600 3rd SE,Cedar Rapids,1400505,2.24,"1600 3rd SE, Cedar Rapids, Iowa",41.9882739,-91.647766
2014-01-19,2014,2508 WILLOW SW,Cedar Rapids,1400540,4.24,"2508 WILLOW SW, Cedar Rapids, Iowa",41.959057,-91.706508
2014-01-27,2014,1200 3RD SE,Cedar Rapids,1400758,3.02,"1200 3RD SE, Cedar Rapids, Iowa",41.983568,-91.656209
2014-01-27,2014,1825 WHISPERING PINES SW,Cedar Rapids,1400765,8.26,"1825 WHISPERING PINES SW, Cedar Rapids, Iowa",41.959767,-91.705411
2014-01-28,2014,124 34TH ST SE,Cedar Rapids,1400782,4,"124 34TH ST SE, Cedar Rapids, Iowa",41.9929798,-91.6186945
2014-01-29,2014,2501 KENWAY SW,Cedar Rapids,1400826,8.18,"2501 KENWAY SW, Cedar Rapids, Iowa",41.935023,-91.630985
2014-02-08,2014,5560 6TH SW,Cedar Rapids,1401122,4.08,"5560 6TH SW, Cedar Rapids, Iowa",41.923874,-91.677552
2014-02-09,2014,356 EAST POST SE,Cedar Rapids,1401132,6.5,"356 EAST POST SE, Cedar Rapids, Iowa",41.984733,-91.603998
2014-02-11,2014,1817 GARRY NW,Cedar Rapids,1401196,6.26,"1817 GARRY NW, Cedar Rapids, Iowa",41.989776,-91.697866
2014-02-12,2014,7004 WILTON NE,Cedar Rapids,1401223,7.45,"7004 WILTON NE, Cedar Rapids, Iowa",42.0490009,-91.637399
2014-02-16,2014,1401 K SW,Cedar Rapids,1401350,4.5,"1401 K SW, Cedar Rapids, Iowa",41.963691,-91.66825
2014-02-28,2014,1117 DOVER NE,Cedar Rapids,1401700,7.22,"1117 DOVER NE, Cedar Rapids, Iowa",42.023389,-91.651623
2014-03-07,2014,7133 HIGH POINT NE,Cedar Rapids,1401889,11.34,"7133 HIGH POINT NE, Cedar Rapids, Iowa",42.040134,-91.749267
2014-03-09,2014,1905 WASHINGTON SE,Cedar Rapids,1401952,4.41,"1905 WASHINGTON SE, Cedar Rapids, Iowa",41.985321,-91.642493
2014-03-13,2014,? L AVE NW NW,Cedar Rapids,1402050,5.37,"? L AVE NW NW, Cedar Rapids, Iowa",41.98536,-91.6827134
2014-03-15,2014,4028 WATER POINT SW,Cedar Rapids,1402115,9.27,"4028 WATER POINT SW, Cedar Rapids, Iowa",41.939483,-91.758753
2014-03-20,2014,217 8TH SW,Cedar Rapids,1402235,4.27,"217 8TH SW, Cedar Rapids, Iowa",41.9694331,-91.6704213
2014-03-20,2014,5443 GORDON NW,Cedar Rapids,1402242,4.23,"5443 GORDON NW, Cedar Rapids, Iowa",41.971421,-91.741801
2014-03-28,2014,2235 C SW,Cedar Rapids,1402425,4.45,"2235 C SW, Cedar Rapids, Iowa",41.958388,-91.650563
2014-03-31,2014,145 17th SW,Cedar Rapids,1402529,7.3,"145 17th SW, Cedar Rapids, Iowa",41.9620868,-91.6625204
2014-04-01,2014,1021 3RD SE,Cedar Rapids,1402571,4.19,"1021 3RD SE, Cedar Rapids, Iowa",41.9825215,-91.6573402
2014-04-02,2014,4394 MT VERNON SE,Cedar Rapids,1402602,5.16,"4394 MT VERNON SE, Cedar Rapids, Iowa",41.9773182,-91.6001788
2014-04-03,2014,3023 G NE,Cedar Rapids,1402630,8.15,"3023 G NE, Cedar Rapids, Iowa",42.009059,-91.644977
2014-04-04,2014,523 9TH SW,Cedar Rapids,1402656,1.58,"523 9TH SW, Cedar Rapids, Iowa",41.969864,-91.680805
2014-04-04,2014,1008 DOVER NE,Cedar Rapids,1402664,6.51,"1008 DOVER NE, Cedar Rapids, Iowa",42.023822,-91.650352
2014-04-06,2014,3937 CENTER POINT NE,Cedar Rapids,1402714,4.59,"3937 CENTER POINT NE, Cedar Rapids, Iowa",42.0196182,-91.66554
2014-04-08,2014,1105 C NW,Cedar Rapids,1402767,5.23,"1105 C NW, Cedar Rapids, Iowa",41.975653,-91.687262
2014-04-10,2014,815 31ST SW,Cedar Rapids,1402812,5.18,"815 31ST SW, Cedar Rapids, Iowa",41.946638,-91.681299
2014-04-13,2014,1056 32ND NE,Cedar Rapids,1402898,4.13,"1056 32ND NE, Cedar Rapids, Iowa",42.010455,-91.6503649
2014-04-14,2014,1500 OAKLAND NE,Cedar Rapids,1402943,5.55,"1500 OAKLAND NE, Cedar Rapids, Iowa",42.004331,-91.658349
2014-04-19,2014,1129 K NW,Cedar Rapids,1403059,4.31,"1129 K NW, Cedar Rapids, Iowa",41.983533,-91.68822
2014-04-22,2014,3315 AGIN NE,Cedar Rapids,1403145,5.15,"3315 AGIN NE, Cedar Rapids, Iowa",42.034293,-91.6900579
2014-05-06,2014,310 5TH SE,Cedar Rapids,1403545,3.26,"310 5TH SE, Cedar Rapids, Iowa",41.9759389,-91.663465
2014-05-07,2014,924 26TH SE,Cedar Rapids,1403551,4.44,"924 26TH SE, Cedar Rapids, Iowa",41.976162,-91.630278
2014-05-07,2014,3235 OAKLAND NE,Cedar Rapids,1403555,4.57,"3235 OAKLAND NE, Cedar Rapids, Iowa",42.0113027,-91.6597968
2014-05-07,2014,103 AUSTIN SW,Cedar Rapids,1403575,4.31,"103 AUSTIN SW, Cedar Rapids, Iowa",41.9538531,-91.7318444
2014-05-09,2014,2312 B NE,Cedar Rapids,1403612,3.58,"2312 B NE, Cedar Rapids, Iowa",42.000153,-91.639636
2014-05-14,2014,2925 JOHNSON NW,Cedar Rapids,1403746,4.3,"2925 JOHNSON NW, Cedar Rapids, Iowa",41.973051,-91.710226
2014-05-14,2014,57 18TH SW,Cedar Rapids,1403764,5.27,"57 18TH SW, Cedar Rapids, Iowa",41.964363,-91.658834
2014-05-15,2014,1611 PARK TOWNE NE,Cedar Rapids,1403770,6.05,"1611 PARK TOWNE NE, Cedar Rapids, Iowa",42.020172,-91.6608013
2014-05-16,2014,225 29TH ST SE,Cedar Rapids,1403810,7.54,"225 29TH ST SE, Cedar Rapids, Iowa",42.005797,-91.6322069
2014-05-17,2014,1203 M SW,Cedar Rapids,1403849,4.25,"1203 M SW, Cedar Rapids, Iowa",41.965645,-91.672084
2014-05-18,2014,114 ANN SW,Cedar Rapids,1403869,4.49,"114 ANN SW, Cedar Rapids, Iowa",41.9519584,-91.7328244
2014-06-06,2014,2200 WEST POST SW,Cedar Rapids,1404397,4.03,"2200 WEST POST SW, Cedar Rapids, Iowa",41.957737,-91.7409799
2014-06-08,2014,116 15th NE,Cedar Rapids,1404440,3.37,"116 15th NE, Cedar Rapids, Iowa",41.988774,-91.652653
2014-06-16,2014,1444 BEVER SE,Cedar Rapids,1404669,4.02,"1444 BEVER SE, Cedar Rapids, Iowa",41.985044,-91.650972
2014-06-20,2014,4333 EDGEWOOD NE,Cedar Rapids,1404804,9.15,"4333 EDGEWOOD NE, Cedar Rapids, Iowa",42.0235497,-91.7042727
2014-06-28,2014,2300 HALLBROOK SW,Cedar Rapids,1405077,5.1,"2300 HALLBROOK SW, Cedar Rapids, Iowa",41.947251,-91.703311
2014-06-30,2014,231 11 NW,Cedar Rapids,1405198,5.06,"231 11 NW, Cedar Rapids, Iowa",41.9742279,-91.6865229
2014-06-30,2014,4009 WINDFALL NW,Cedar Rapids,1405288,6.08,"4009 WINDFALL NW, Cedar Rapids, Iowa",41.994072,-91.723125
2014-07-04,2014,1612 9TH SW,Cedar Rapids,1405402,6.39,"1612 9TH SW, Cedar Rapids, Iowa",41.968411,-91.6941
2014-07-04,2014,1612 9TH SW,Cedar Rapids,1405402,7.44,"1612 9TH SW, Cedar Rapids, Iowa",41.968411,-91.6941
2014-07-06,2014,8417 BRIGHTON SW,Cedar Rapids,1405468,8.17,"8417 BRIGHTON SW, Cedar Rapids, Iowa",41.89701,-91.659975
2014-07-07,2014,1510 OAK RIDGE SE,Cedar Rapids,1405522,6.05,"1510 OAK RIDGE SE, Cedar Rapids, Iowa",41.97035,-91.6215129
2014-07-09,2014,4713 6TH SW,Cedar Rapids,1405565,2.54,"4713 6TH SW, Cedar Rapids, Iowa",41.932495,-91.675759
2014-07-11,2014,839 CENTER POINT NE,Cedar Rapids,1405626,8.56,"839 CENTER POINT NE, Cedar Rapids, Iowa",41.994038,-91.662939
2014-07-13,2014,1351 HILLSIDE NW,Cedar Rapids,1405708,4.23,"1351 HILLSIDE NW, Cedar Rapids, Iowa",41.986451,-91.712964
2014-07-15,2014,427 ASHTON NE,Cedar Rapids,1405764,3.13,"427 ASHTON NE, Cedar Rapids, Iowa",42.0414176,-91.640987
2014-07-17,2014,3062 PRAIRIE VALLEY SW,Cedar Rapids,1405803,7.25,"3062 PRAIRIE VALLEY SW, Cedar Rapids, Iowa",41.9358265,-91.711506
2014-07-18,2014,551 10TH SW,Cedar Rapids,1405848,3.32,"551 10TH SW, Cedar Rapids, Iowa",41.96916,-91.6822339
2014-07-23,2014,1202 3RD SE,Cedar Rapids,1405969,4.45,"1202 3RD SE, Cedar Rapids, Iowa",41.9833062,-91.6560294
2014-07-23,2014,416 31ST NW,Cedar Rapids,1405993,1.28,"416 31ST NW, Cedar Rapids, Iowa",41.976813,-91.712714
2014-07-29,2014,1861 ELLIS NW,Cedar Rapids,1406165,5.37,"1861 ELLIS NW, Cedar Rapids, Iowa",42.0050512,-91.6977958
2014-08-09,2014,1210 33RD NE,Cedar Rapids,1406418,5.1,"1210 33RD NE, Cedar Rapids, Iowa",42.011467,-91.652922
2014-08-12,2014,423 EDGEWOOD NW,Cedar Rapids,1406502,4.36,"423 EDGEWOOD NW, Cedar Rapids, Iowa",41.9777013,-91.7153528
2014-08-14,2014,3760 12TH SW,Cedar Rapids,1406554,5.15,"3760 12TH SW, Cedar Rapids, Iowa",41.965948,-91.72165
2014-08-18,2014,393 15TH SE,Cedar Rapids,1406679,2.28,"393 15TH SE, Cedar Rapids, Iowa",41.984045,-91.650762
2014-08-27,2014,1544 2ND SE,Cedar Rapids,1406971,3.33,"1544 2ND SE, Cedar Rapids, Iowa",41.988311,-91.650223
2014-08-29,2014,4002 SHERMAN NE,Cedar Rapids,1407013,7.27,"4002 SHERMAN NE, Cedar Rapids, Iowa",42.020617,-91.659555
2014-08-31,2014,416 17TH SE,Cedar Rapids,1407088,4.57,"416 17TH SE, Cedar Rapids, Iowa",41.98303,-91.646153
2014-09-01,2014,226 16TH SE,Cedar Rapids,1407125,5.27,"226 16TH SE, Cedar Rapids, Iowa",41.9882807,-91.6480777
2014-09-06,2014,911 9TH SE,Cedar Rapids,1407286,4.38,"911 9TH SE, Cedar Rapids, Iowa",41.9765749,-91.653419
2014-09-07,2014,911 9TH SE,Cedar Rapids,1407298,5.21,"911 9TH SE, Cedar Rapids, Iowa",41.9765749,-91.653419
2014-09-08,2014,638 MEMORIAL SE,Cedar Rapids,1407327,4.4,"638 MEMORIAL SE, Cedar Rapids, Iowa",41.9793329,-91.62784
2014-09-13,2014,1551 C NE,Cedar Rapids,1407495,4.11,"1551 C NE, Cedar Rapids, Iowa",41.991382,-91.653101
2014-09-15,2014,901 INGLESIDE SW,Cedar Rapids,1407545,5.3,"901 INGLESIDE SW, Cedar Rapids, Iowa",41.9364977,-91.6804817
2014-09-16,2014,157 BROADMORE NW,Cedar Rapids,1407556,5.21,"157 BROADMORE NW, Cedar Rapids, Iowa",41.972607,-91.749771
2014-09-27,2014,418 2ND NE,Cedar Rapids,1407888,4.18,"418 2ND NE, Cedar Rapids, Iowa",41.9808548,-91.6704926
2014-10-01,2014,730 14TH SE,Cedar Rapids,1408052,4.45,"730 14TH SE, Cedar Rapids, Iowa",41.979819,-91.65181
2014-10-09,2014,1707 MAPLE NW,Cedar Rapids,1408297,5.18,"1707 MAPLE NW, Cedar Rapids, Iowa",41.971582,-91.695313
2014-10-10,2014,1927 CENTRAL SW,Cedar Rapids,1408310,5.14,"1927 CENTRAL SW, Cedar Rapids, Iowa",41.959686,-91.7489382
2014-10-16,2014,3300 JOHNSON NW,Cedar Rapids,1408500,3.5,"3300 JOHNSON NW, Cedar Rapids, Iowa",41.974898,-91.7151404
2014-10-18,2014,5350 NORTH PARK NE,Cedar Rapids,1408538,5.1,"5350 NORTH PARK NE, Cedar Rapids, Iowa",42.0323795,-91.6300216
2014-10-22,2014,1050 WENIG NE,Cedar Rapids,1408652,7.59,"1050 WENIG NE, Cedar Rapids, Iowa",41.999665,-91.676801
2014-10-25,2014,1422 A NW,Cedar Rapids,1408760,5.18,"1422 A NW, Cedar Rapids, Iowa",41.9721339,-91.691136
2014-11-05,2014,1569 1ST SE,Cedar Rapids,1409067,4.08,"1569 1ST SE, Cedar Rapids, Iowa",41.989082,-91.649848
2014-11-06,2014,1628 4TH SE,Cedar Rapids,1409084,5.19,"1628 4TH SE, Cedar Rapids, Iowa",41.983762,-91.646782
2014-11-08,2014,4950 16TH SW,Cedar Rapids,1409139,5.18,"4950 16TH SW, Cedar Rapids, Iowa",41.9638229,-91.735287
2014-11-11,2014,2206 D NE,Cedar Rapids,1409213,3.37,"2206 D NE, Cedar Rapids, Iowa",41.999936,-91.642583
2014-11-14,2014,1128 15TH SE,Cedar Rapids,1409303,3.16,"1128 15TH SE, Cedar Rapids, Iowa",41.974569,-91.649354
2014-11-14,2014,2951 6TH SW,Cedar Rapids,1409316,3.31,"2951 6TH SW, Cedar Rapids, Iowa",41.9486241,-91.6767906
2014-11-16,2014,3270 Little Creek NE,Cedar Rapids,1409366,6.46,"3270 Little Creek NE, Cedar Rapids, Iowa",42.013305,-91.687819
2014-11-30,2014,4845 JOHNSON NW,Cedar Rapids,1409759,3.42,"4845 JOHNSON NW, Cedar Rapids, Iowa",41.9683257,-91.7334367
2014-12-03,2014,132 SUMMER NE,Cedar Rapids,1409830,6.56,"132 SUMMER NE, Cedar Rapids, Iowa",42.0321394,-91.6885084
2014-12-04,2014,708 EAST POST SE,Cedar Rapids,1409870,4.42,"708 EAST POST SE, Cedar Rapids, Iowa",41.9789672,-91.6067177
2014-12-06,2014,725 DANBURY NE,Cedar Rapids,1409904,5.47,"725 DANBURY NE, Cedar Rapids, Iowa",42.0248289,-91.645451
2014-12-06,2014,2113 NORTH TOWNE NE,Cedar Rapids,1409912,0.02,"2113 NORTH TOWNE NE, Cedar Rapids, Iowa",42.0329357,-91.6712857
2014-12-19,2014,516 10TH SE,Cedar Rapids,1410264,6.11,"516 10TH SE, Cedar Rapids, Iowa",41.973655,-91.657309
2014-12-23,2014,904 HARVEST NW,Cedar Rapids,1410389,6.06,"904 HARVEST NW, Cedar Rapids, Iowa",41.981079,-91.735238
